,SMILES,y
0,CCN2c1nc(C)cc(C)c1NC(=O)c3cccnc23 ,-0.7368348119906191
1,Oc1c(Cl)cccc1Cl,0.5954789320231507
2,Cc1c(C)c2c3ccccc3ccc2c4ccccc14,-1.920685229971017
3,CCCCC(C)CC,-1.0289412261991377
4,CC(C)CC(C)(C)O,1.0148396256888454
5,CN(C)C(=O)Nc1ccccc1,0.6870634513294518
6,CC(C)CCO,1.2124693778761269
7,O=C1N(COC(=O)CCCC)C(=O)C(N1)(c2ccccc2)c3ccccc3,-0.7966057614326264
8,CCN(CC)c1nc(Cl)nc(NC(C)C)n1,-0.3661585206930112
9,CC(C)C(Nc1ccc(cc1Cl)C(F)(F)F)C(=O)OC(C#N)c2cccc(Oc3ccccc3)c2,-2.399334849292896
10,Ic1ccccc1,0.007409913319533037
11,OCC(O)C2OC1OC(OC1C2O)C(Cl)(Cl)Cl ,0.5713777427320188
12,CCOc1ccccc1,0.3351860876789264
13,Oc1ccccn1,1.949965770184762
14,Nc1ncnc2n(ccc12)C3OC(CO)C(O)C3O ,0.5183551262915287
15,CC(C)c1ccc(C)cc1,-0.35892816390567156
16,C1SC(=S)NC1(=O),0.6051194077396035
17,OCc1ccccc1,1.265491994316617
18,CN(C)C(=O)Oc1nc(nc(C)c1C)N(C)C,0.5183551262915287
19,CC(C)(C)CCO,1.2172896157343531
20,ClCCl,1.1546265235774102
21,CC(=O)Nc1ccc(Cl)cc1,0.08790788555191341
22,Clc1ccc(cc1)c2c(Cl)cccc2Cl ,-1.5013245363053223
23,CCCCCBr,-0.026331751688051724
24,C/C=C/C=O,1.6125491201089157
25,CC(C)C(C(=O)OC(C#N)c1cccc(Oc2ccccc2)c1)c3ccc(OC(F)F)cc3,-1.856094042670784
26,CC(C)=CC3C(C(=O)OCc2cccc(Oc1ccccc1)c2)C3(C)C ,-1.0675031290649488
27,CC1(C)C(C=C(Cl)Cl)C1C(=O)OC(C#N)c2cccc(Oc3ccccc3)c2,-2.4060831822944135
28,CCOC(=O)NCCOc2ccc(Oc1ccccc1)cc2,-0.8072102847207245
29,CC(=O)C1(O)CCC2C3CCC4=CC(=O)CCC4(C)C3CCC21C,-0.3815832818393356
30,O=C1N(COC(=O)CCCCCCC)C(=O)C(N1)(c2ccccc2)c3ccccc3,-1.6859396462753924
31,Clc1c(Cl)c(Cl)c(c(Cl)c1Cl)c2c(Cl)c(Cl)c(Cl)c(Cl)c2Cl ,-4.133174406896923
32,ClCC(Cl)Cl,0.7449063056281683
33,Cc1c2ccccc2cc3ccccc13,-1.380818589849663
34,CCCCOC(=O)c1ccc(N)cc1,-0.027295799259696895
35,Nc1c(C)c[nH]c(=O)n1 ,0.7555108289162663
36,CNC(=O)C(C)SCCSP(=O)(OC)(OC),2.009736719626769
37,CC1(O)CCC2C3CCC4=CC(=O)CCC4(C)C3CCC21C,-0.4693116108590556
38,CCCCl,0.7497265434863947
39,C1CCCCC1,-0.03597222740450448
40,CC(=O)C3CCC4C2CC=C1CC(O)CCC1(C)C2CCC34C ,-0.7831090954295927
41,CC(=C)C(=C)C,0.30144442267134186
42,NC(=O)c1cnccn1,1.1367916435019727
43,CNC(=O)ON=C(SC)C(=O)N(C)C,1.5093960299428713
44,CC(=O)CC(c1ccccc1)c3c(O)c2ccccc2oc3=O ,-0.4182170895618559
45,CC(=O)OCC(=O)C3(O)CCC4C2CCC1=CC(=O)CCC1(C)C2C(=O)CC34C ,-0.5710186296676321
46,c1ccccc1,0.6677824998965464
47,OCC(O)C(O)CO,1.795718158721518
48,CCCCCC(C)O,0.7111646406205837
49,N(=Nc1ccccc1)c2ccccc2,-0.6867043382650652
50,CCNc1nc(Cl)nc(NC(C)(C)C#N)n1,-0.060073416695636275
51,CCCCBr,0.3159051362460209
52,CCC(=O)OC,1.3908181786305025
53,ClCC#CCOC(=O)Nc1cccc(Cl)c1,-0.6481424353992541
54,ClC(Cl)(Cl)C(Cl)(Cl)Cl,-0.3107257853234078
55,CCOP(=S)(OCC)SCCSCC,-0.580659105384085
56,O=c1[nH]cnc2[nH]ncc12 ,0.36603560997157525
57,CCN2c1ccccc1N(C)C(=O)c3ccccc23 ,-0.8308294502260335
58,ClC(Cl)CC(=O)NC2=C(Cl)C(=O)c1ccccc1C2=O,-0.966278134042195
59,Fc1cccc(F)c1,0.4942539370003968
60,CC3C2CCC1(C)C=CC(=O)C(=C1C2OC3=O)C,-0.031151989546277997
61,OCC(NC(=O)C(Cl)Cl)C(O)c1ccc(cc1)N(=O)=O,0.440749296774084
62,Cc1ccc(cc1)N(=O)=O,0.25806228194730435
63,Cc1ccc2cc(C)ccc2c1,-0.8987948040270254
64,CCCC,0.2195003790814935
65,CCCN(CCC)c1c(cc(cc1N(=O)=O)C(C)C)N(=O)=O,-1.6700328613432458
66,CCNc1nc(NC(C)(C)C)nc(OC)n1,-0.10297353363385099
67,O=C1c2ccccc2C(=O)c3ccccc13,-1.043401939773817
68,c2ccc1scnc1c2 ,0.7352658299117155
69,CCOC(=O)CCN(SN(C)C(=O)Oc1cccc2CC(C)(C)Oc21)C(C)C,-0.8120305225789508
70,CC(=O)C3(C)CCC4C2C=C(C)C1=CC(=O)CCC1(C)C2CCC34C,-1.0819638426396276
71,ClCCCl,0.9473562956736761
72,Clc1ccccc1N(=O)=O,0.22914085479794627
73,C1Cc2cccc3cccc1c23,-0.7734686197131397
74,c1(O)cc(O)ccc1CCCCCC,0.20985990336504076
75,CC2=CC(=O)c1ccccc1C2=O ,-0.0022305623969197217
76,CC1(C)C2CCC1(C)C(=O)C2,0.5135348884333023
77,Cc1cccc(C)n1,1.6752122122658588
78,O=C1NC(=O)NC(=O)C1(CC)C(C)CC,0.30626466052956813
79,CCCCC(=O)OC,0.8123896356433375
80,CC2Nc1cc(Cl)c(cc1C(=O)N2c3ccccc3C)S(N)(=O)=O ,-0.36374840176389783
81,c1c(NC(=O)c2ccccc2(I))cccc1,-0.5710186296676321
82,CCOP(=S)(OCC)Oc1cc(C)nc(n1)C(C)C,-0.29626507174872874
83,CCCCCCCCCCCCCCCCCCO,-2.5906982922644834
84,C1CC=CC1,0.44605155841813304
85,CCC(=O)CC,1.3233348486153331
86,CC(C)SC(C)C,0.3785682284029637
87,O=C1NC(=O)NC(=O)C1(C)C,0.6186160737426373
88,Nc1ncnc2nc[nH]c12 ,0.4364110827016803
89,CC1=CCC(CC1)C(C)=C,-0.5951198189587639
90,CCC1(C(=O)NCNC1=O)c2ccccc2,0.18575871407390876
91,CCOP(=S)(CC)Oc1cc(Cl)c(Cl)cc1Cl,-1.3142993074061395
92,Clc1ccc(Cl)c(c1)c2ccc(Cl)c(Cl)c2,-2.0363709385684503
93,c1ccc2cc3c4cccc5cccc(c3cc2c1)c45,-2.6340804329885206
94,CCOP(=S)(OCC)ON=C(C#N)c1ccccc1,-0.8852981380239918
95,COc2ncc1nccnc1n2,0.9232551063825442
96,O=C2NC(=O)C1(CCC1)C(=O)N2,0.6605521431092067
97,O=Cc1ccco1,1.410099130063408
98,CCC(=C(CC)c1ccc(O)cc1)c2ccc(O)cc2 ,-0.5035352996524629
99,Nc1nc(O)nc2nc[nH]c12 ,-0.18106138693711823
100,CCOP(=S)(OCC)Oc2ccc1oc(=O)c(Cl)c(C)c1c2,-1.1359505066517634
101,CCCC(=O)CC,1.0582217664128826
102,CN(C)C(=O)C(c1ccccc1)c2ccccc2 ,0.02187062689421207
103,Clc1ccccc1Br,-0.0793543681285418
104,CCC(Br)(CC)C(=O)NC(N)=O,0.16647776264100322
105,CCCCCCC=C,-0.6818841004068389
106,CCCCCCCCCC(=O)OC,-0.8023900468624983
107,c1ccc2ncccc2c1,0.8316705870762431
108,COc1ccccc1,0.5665575048737924
109,COC1=CC(=O)CC(C)C13Oc2c(Cl)c(OC)cc(OC)c2C3=O,-0.10634770013460973
110,c1ccc(Cl)cc1C(c2ccc(Cl)cc2)(O)C(=O)OC(C)C,-0.7252662411308762
111,Oc1ccccc1O,1.7571562558557072
112,c1ccc2c(c1)cc3ccc4cccc5ccc2c3c45,-2.734823404225452
113,CCN(CC)C(=O)C(=CCOP(=O)(OC)OC)Cl,1.7103999486309114
114,Cc1ccc(cc1N(=O)=O)N(=O)=O,0.09899443262583414
115,c1ccccc1(OC(=O)NC),0.5892126228074565
116,COP(=O)(NC(C)=O)SC ,1.7185943529898962
117,Cc1ccccc1n3c(C)nc2ccccc2c3=O,0.04838193511445721
118,CCc1cccc(CC)c1N(COC)C(=O)CCl ,-0.11309603313612634
119,Cc1c(F)c(F)c(COC(=O)C2C(C=C(Cl)C(F)(F)F)C2(C)C)c(F)c1F,-2.070594627361858
120,CNc2cnn(c1cccc(c1)C(F)(F)F)c(=O)c2Cl,-0.49196672879271963
121,CN(C)C(=O)Oc1cc(C)nn1c2ccccc2,0.45087179627635954
122,O=C1NC(=O)NC(=O)C1(CC)C(C)C,0.4229144166986464
123,CC(C)=CCCC(O)(C)C=C,0.4990741748586232
124,CCCc1ccccc1,-0.16611864957661662
125,ClC(Cl)C(c1ccc(Cl)cc1)c2ccc(Cl)cc2 ,-2.0122697492773183
126,Oc2ccc1CCCCc1c2 ,0.4990741748586232
127,CCOP(=S)(OCC)SCSP(=S)(OCC)OCC,-1.21211026481174
128,CC1(OC(=O)N(C1=O)c2cc(Cl)cc(Cl)c2)C=C,-0.9156656365308178
129,CCCC(C)(COC(N)=O)COC(N)=O ,0.5872845276641658
130,CCOP(=S)(OCC)Oc1nc(Cl)n(n1)C(C)C,-0.30494149989353614
131,Clc1cccc(c1Cl)c2cccc(Cl)c2Cl,-2.0508316521431293
132,CCC2NC(=O)c1cc(c(Cl)cc1N2)S(N)(=O)=O,-0.12755674671080558
133,Clc1cccc(I)c1,-0.2528829310246912
134,CC(=O)OCC(=O)C3(O)C(CC4C2CCC1=CC(=O)C=CC1(C)C2(F)C(O)CC34C)OC(C)=O ,-0.532456726801821
135,CCc1ccccc1CC,-0.1227365088525791
136,COC(=O)c1ccccc1,0.5665575048737924
137,C1C(O)CCC2(C)CC3CCC4(C)C5(C)CC6OCC(C)CC6OC5CC4C3C=C21,-2.070112603576035
138,Clc1cccc2ccccc12,-0.43605196963729365
139,CC12CCC(CC1)C(C)(C)O2,0.6195801213142825
140,Cc1ccc(OP(=O)(Oc2cccc(C)c2)Oc3ccccc3C)cc1,-1.4386614441483796
141,CON(C)C(=O)Nc1ccc(Cl)cc1,0.2195003790814935
142,O=C1NC(=O)NC(=O)C1(C(C)C)C(C)C,0.12502371706025647
143,COC(C)(C)C,1.3426158000482387
144,Clc1ccccc1c2ccccc2,-0.7300864789891025
145,CCN(CC)c1nc(Cl)nc(n1)N(CC)CC,-0.6679054106179825
146,COP(=S)(OC)Oc1cc(Cl)c(Cl)cc1Cl,-1.2988745462598146
147,CC(C)I,0.45087179627635954
148,c2ccc1NCCc1c2 ,0.9569967713901288
149,c1cC2C(=O)NC(=O)C2cc1,0.04500776861369869
150,CCCCCl,0.4797932234257178
151,c2cnc1ncncc1n2,1.4679419843621246
152,Oc2ncc1nccnc1n2,0.5198011976489966
153,CCCCCCCCCO,0.007409913319533037
154,COP(=S)(OC)Oc1ccc(SC)c(C)c1,-0.7445471925637818
155,CCCCCCCCCCO,-0.2914448338905023
156,Clc1cc(Cl)c(cc1Cl)c2cccc(Cl)c2Cl ,-2.0170899871355448
157,CCCCC(=O)CCCC,0.21468014122326703
158,COC(C)(C)CCCC(C)CC=CC(C)=CC(=O)OC(C)C,-1.043401939773817
159,Clc1ccc(c(Cl)c1)c2cc(Cl)ccc2Cl ,-1.7085947642090566
160,Nc1ccc(cc1)S(=O)(=O)c2ccc(N)cc2,-0.03308008468956855
161,Cc1ccccc1Br,0.3833884662611902
162,CCOP(=S)(OCC)SC(CCl)N1C(=O)c2ccccc2C1=O,-1.59772929346985
163,CCNP(=S)(OC)OC(=CC(=O)OC(C)C)C,-0.18443555343787676
164,CC(=O)N,2.219899090245439
165,CCC#N,1.5932681686760104
166,NC(=O)N,1.9210443430354038
167,CNC(=O)C=C(C)OP(=O)(OC)OC,1.7720989932162088
168,Cc1cc(no1)C(=O)NNCc2ccccc2,0.272040971736161
169,ClC1C(Cl)C(Cl)C(Cl)C(Cl)C1Cl,-0.778288857571366
170,CCCCC#C,0.3207253741042474
171,CN2C(=O)CN=C(c1ccccc1)c3cc(Cl)ccc23,-0.35121578333250936
172,CCOP(=S)(OCC)Oc1ccc(cc1)N(=O)=O,-0.787929333287819
173,CCCCCCC#C,-0.3059055474651815
174,CSc1nc(NC(C)C)nc(NC(C)C)n1,-0.5179960132271417
175,CCCOC=O,1.2221098535925794
176,Nc2cnn(c1ccccc1)c(=O)c2Cl,0.07103705304812104
177,O=C1NC(=O)C(=O)N1 ,1.265491994316617
178,CCOC(=O)C,1.4390205572127663
179,COc1ccccc1O,0.5135348884333023
180,CC(C)C1CCC(C)CC1O ,0.23878133051439904
181,CCCC(=C)C,-0.0022305623969197217
182,CCN(CC)C(=S)SCC(Cl)=C,-0.1757591252930694
183,CC(C)CCOC=O,0.7256253541952629
184,CC(=O)Nc1ccccc1,0.8172098735015639
185,CC(=O)Nc1cc(NS(=O)(=O)C(F)(F)F)c(C)cc1C,-0.1034555574196738
186,O=c1cc[nH]c(=O)[nH]1 ,0.7410501153415872
187,CCCC(C)C,-0.3444674503309926
188,OC1C=CC2C1C3(Cl)C(=C(Cl)C2(Cl)C3(Cl)Cl)Cl ,-1.173548361945929
189,CCCCC(CC)C=O,0.431590844843454
190,CCN2c1ccccc1N(C)C(=O)c3cccnc23 ,-0.14394555542877516
191,NS(=O)(=O)c2cc1c(NC(NS1(=O)=O)C(Cl)Cl)cc2Cl ,0.16647776264100322
192,CCCCC=O,1.0485812906964298
193,CCCCCC,-0.39266982891325614
194,CCOC(=O)c1cncn1C(C)c2ccccc2,-0.8240811172245169
195,O=C1NCCN1c2ncc(s2)N(=O)=O,-0.09381508170322103
196,CCCCNC(=O)n1c(NC(=O)OC)nc2ccccc12,-0.8954206375262671
197,Clc1cccc(Cl)c1Cl,-0.4697936346448782
198,O=C1CCC(=O)N1,1.602908644392463
199,c1cc2ccc(OC)c(CC=C(C)(C))c2oc1=O ,-0.6211491033931864
200,CC(=O)CCC1C(=O)N(N(C1=O)c2ccccc2)c3ccccc3,-0.11791627099435283
201,CCCCOCN(C(=O)CCl)c1c(CC)cccc1CC ,-0.5613781539511795
202,NS(=O)(=O)c2cc1c(NCNS1(=O)=O)cc2Cl ,0.19057895193213523
203,CCCCCCCC=C,-0.9759186097586475
204,CCNC(=S)NCC,0.754546781344621
205,c1ccc2cc3ccccc3cc2c1,-1.6025495313280762
206,OCC(O)COC(=O)c1ccccc1Nc2ccnc3cc(Cl)ccc23,-0.7450292163496045
207,Brc1cc(Br)cc(Br)c1,-1.241031691961098
208,CBr,1.077502717845788
209,COc5cc4OCC3Oc2c1CC(Oc1ccc2C(=O)C3c4cc5OC)C(C)=C ,-0.6722436246903859
210,o1c2ccccc2c3ccccc13,-0.7590079061384606
211,NC(=O)CCl ,1.448661032929219
212,Oc1cc(Cl)c(Cl)cc1Cl,0.39302894197764293
213,CCC1(CCC(C)C)C(=O)NC(=O)NC1=O,0.2686668052354025
214,CCCCCCCCC(=O)C,-0.13237698456903185
215,OC4=C(C1CCC(CC1)c2ccc(Cl)cc2)C(=O)c3ccccc3C4=O,-1.4005815650683913
216,CCCCCCCCC(=O)OCC,-0.3733888774803506
217,c1cc2ccc3cccc4ccc(c1)c2c34,-1.5186773925949375
218,Fc1cccc(Br)c1,0.17129800049922972
219,O=C1NC(=O)NC(=O)C1(CC)C(C)CCC,0.30626466052956813
220,CCN(CC)c1ccccc1,-0.0022305623969197217
221,CC12CCC3C(CCc4cc(O)ccc34)C2CCC1O,-0.966278134042195
222,C1OC1c2ccccc2 ,0.6870634513294518
223,CC(=O)OC3(C)CCC4C2CCC1=CC(=O)CCC1(C)C2CCC34C ,-1.0887121756411446
224,CN(C)c2c(C)n(C)n(c1ccccc1)c2=O ,1.2828448506062318
225,CC(C)(C)c1ccccc1,-0.3059055474651815
226,CCCCCCCCCCCC(=O)OC,-0.8023900468624983
227,CCN2c1ncccc1N(C)C(=O)c3cccnc23 ,0.1953991897903615
228,CC34CC(O)C1(F)C(CCC2=CC(=O)CCC12C)C3CCC4(O)C(=O)CO ,-0.1950400767259749
229,OC(C(=O)c1ccccc1)c2ccccc2,0.08453371905115489
230,OC(c1ccc(Cl)cc1)(c2cncnc2)c3ccccc3Cl,-0.6529626732574804
231,CCCCC1C(=O)N(N(C1=O)c2ccccc2)c3ccccc3 ,-0.3782091153385771
232,CN(C(=O)NC(C)(C)c1ccccc1)c2ccccc2,-0.15647817386016385
233,O=C1NC(=O)NC(=O)C1(CC)CC=C,0.6803151183279349
234,OC1CCCCCCC1,0.8364908249344695
235,O2c1cc(C)ccc1N(C)C(=O)c3cc(N)cnc23 ,-0.008496871612614176
236,CCNc1nc(Cl)nc(NC(C)C)n1,-0.39749006677148263
237,Cc1ccccc1Cl,-0.2384222174500122
238,CCOC=C,1.0485812906964298
239,Oc1cc(Cl)ccc1Oc2ccc(Cl)cc2Cl,-0.6915245761232914
240,CC,0.8027491599268848
241,CCOP(=S)(OCC)SCSC(C)(C)C,-0.8337215929409695
242,CCCCCC(C)(C)O,0.6292205970307353
243,CCC(O)(CC)CC,1.0485812906964298
244,C1CCOCC1,1.4438407950709928
245,CCCCCCCCC=C,-1.1976495512370606
246,Oc1ccc(C=O)cc1,0.9955586742559398
247,Clc1c(Cl)c(Cl)c(N(=O)=O)c(Cl)c1Cl,-1.3470769248420786
248,c1(O)c(C)ccc(C(C)C)c1,0.4556920341345858
249,CCCC/C=C/C,-0.38302935319680337
250,O=N(=O)c1cc(cc(c1)N(=O)=O)N(=O)=O,0.06525276761824937
251,C=Cc1ccccc1,0.09899443262583414
252,CC(C)C=C,0.14237657334987144
253,C=CC=C,0.5569170291573396
254,CCC(CC)CO,0.894333679233186
255,CCOCCOCC,1.0871431935622409
256,CCOP(=S)(OCC)SCn1c(=O)oc2cc(Cl)ccc12,-1.06412896256419
257,O=N(=O)c1c(Cl)c(Cl)ccc1,-0.21914126601710668
258,O2c1ccccc1N(CC)C(=O)c3ccccc23 ,-0.31554602318163427
259,Cc1ccc(C)c2ccccc12,-0.5372769646600473
260,c1c(Cl)cccc1c2ccccc2,-0.8939745661687991
261,OCCOc1ccccc1,1.1208848585698254
262,Clc1ccc(c(Cl)c1Cl)c2ccc(Cl)c(Cl)c2Cl ,-2.4027090157936546
263,Cc1cc(=O)[nH]c(=S)[nH]1,0.2840915663817269
264,C1CCC=CCC1,-0.07453413027031552
265,CCN2c1ncccc1N(C)C(=S)c3cccnc23 ,-0.7753967148564306
266,c1ccc2c(c1)c3cccc4ccc5cccc2c5c43,-2.301484020770901
267,Oc1c(I)cc(C#N)cc1I,-0.28180435817404953
268,CCCN(CCC)c1c(cc(cc1N(=O)=O)S(N)(=O)=O)N(=O)=O,-1.0289412261991377
269,ClC(=C)Cl,0.6677824998965464
270,Clc1cccc(n1)C(Cl)(Cl)Cl,-0.3541079260474451
271,O=Cc2ccc1OCOc1c2 ,0.6726027377547728
272,Fc1ccccc1,0.5906586941649243
273,Nc3ccc2cc1ccccc1cc2c3 ,-1.033761464057364
274,Oc1ccc(Cl)cc1Cl,0.7111646406205837
275,Fc1cccc(F)c1C(=O)NC(=O)Nc2ccc(Cl)cc2,-1.4434816820066059
276,O=C2NC(=O)C1(CCCCC1)C(=O)N2,-0.016691275971598966
277,Cc1cc(C)c(C)c(C)c1C,-0.4697936346448782
278,c1ccc2c(c1)ccc3c4ccccc4ccc23,-2.4253641337273186
279,Cc1cc(C)cc(O)c1,0.7834682084939794
280,Clc1cc(Cl)c(Cl)cc1Cl,-1.2217507405281924
281,OCCCC=C,1.3859979407722762
282,ClC(Cl)(Cl)Cl,0.34482656339537915
283,Oc1cccc(Cl)c1Cl,0.8316705870762431
284,O=C(C=CC=Cc2ccc1OCOc1c2)N3CCCCC3,-0.20950079030065394
285,CCOC(=O)c1ccccc1S(=O)(=O)NN(C=O)c2nc(Cl)cc(OC)n2,-0.7474393352787176
286,COc1ccc(cc1)C(c2ccc(OC)cc2)C(Cl)(Cl)Cl,-1.8628423756723005
287,FC(F)(F)c1ccccc1,0.2484218062308518
288,Nc2nc1[nH]cnc1c(=O)[nH]2 ,-0.2687897159568384
289,Oc1c(Br)cc(C#N)cc1Br ,-0.14683769814371112
290,OC1CCCCCC1,1.034120577121751
291,CON(C)C(=O)Nc1ccc(Cl)c(Cl)c1,-0.2731279300292421
292,OC(Cn1cncn1)(Cn2cncn2)c3ccc(F)cc3F ,0.5906586941649243
293,CC(C)(C)CO,1.265491994316617
294,COP(=S)(OC)Oc1ccc(N(=O)=O)c(C)c1,-0.4890745860777837
295,CCCCC(O)CC,0.7497265434863947
296,Oc1c(Cl)ccc(Cl)c1Cl,0.18575871407390876
297,O=C1NC(=O)C(=O)C(=O)N1 ,0.855771776367375
298,CCCC(O)CC,1.0726824799875618
299,COc1c(O)c(Cl)c(Cl)c(Cl)c1Cl ,-0.47943411036133077
300,CCCC(C)CO,0.9232551063825442
301,C=C,1.265491994316617
302,CCCCOCCO,1.2558515186001642
303,COC(=O)C1=C(C)NC(=C(C1c2ccccc2N(=O)=O)C(=O)OC)C ,-0.8361317118700826
304,Oc1c(Cl)cc(Cl)cc1Cl,0.3303658498207001
305,CCCCCCCCCCCCCCCCO,-1.9158649921127908
306,CCC(C)c1cc(cc(N(=O)=O)c1O)N(=O)=O ,-0.1709388874348429
307,BrCBr,0.894333679233186
308,O=N(=O)c1ccc(cc1)N(=O)=O,-0.1757591252930694
309,CCC(=C)C,0.14237657334987144
310,CNC(=O)Oc1ccc(N(C)C)c(C)c1,0.3207253741042474
311,CCOC(=O)c1ccc(N)cc1,0.19732728493365206
312,CC(Cl)CCl,0.6870634513294518
313,CCN(CC)C(=O)CSc1ccc(Cl)nn1,0.6311486921740259
314,C1OC(O)C(O)C(O)C1O,1.6462907851165005
315,O=N(=O)c1cc(Cl)c(Cl)cc1,-0.08417460598676828
316,C/C1CCCCC1\C,-0.6144007703916694
317,c1ccsc1,0.8172098735015639
318,O=C2NC(=O)C1(CCCCCCC1)C(=O)N2,0.020906579322566687
319,Cc1ccc(O)cc1,1.1064241449951464
320,CCCOCCC,0.677422975612999
321,OCC1OC(CO)(OC2OC(COC3OC(CO)C(O)C(O)C3O)C(O)C(O)C2O)C(O)C1O,1.2606717564583905
322,Cc1[nH]c(=O)n(c(=O)c1Cl)C(C)(C)C,0.2609544246622403
323,CCC(C)C1(CC=C)C(=O)NC(=O)NC1=O,0.4865415564272346
324,Clc1ccc(Cl)c(c1)c2cccc(Cl)c2Cl ,-1.6603923856267928
325,COc1ccc(C=CC)cc1,-0.050432940979183515
326,CCC=C,0.5231753641497551
327,COP(=O)(OC)OC(Br)C(Cl)(Cl)Br,0.3592872769700584
328,O=C2NC(=O)C1(CCCC1)C(=O)N2,0.32602763574829624
329,CCC(C)(C)CO,0.9569967713901288
330,COc2cc1c(N)nc(nc1c(OC)c2OC)N3CCN(CC3)C(=O)OCC(C)(C)O ,-0.29530102417708337
331,NC(=O)NCc1ccccc1 ,1.0003789121141662
332,Cc2c(N)c(=O)n(c1ccccc1)n2C,1.157518666292346
333,c1cnc2c(c1)ccc3ncccc23,0.16647776264100322
334,NC(=O)NC1NC(=O)NC1=O ,0.6870634513294518
335,CCNc1nc(Cl)nc(n1)N(CC)CC,-0.49871506179423625
336,O=C1N(COC(=O)CCCCCC)C(=O)C(N1)(c2ccccc2)c3ccccc3,-1.5789303658227671
337,Cc1ccccc1O,1.1594467614356365
338,ClC(Cl)=C(c1ccc(Cl)cc1)c2ccc(Cl)cc2,-1.8676626135305272
339,CC12CCC3C(CCc4cc(O)ccc34)C2CCC1=O,-0.44810256428285955
340,Clc1ccc(cc1)c2ccccc2Cl ,-1.0867840804978544
341,CC(C)OC(=O)C,1.1931884264432213
342,Ic1cccc2ccccc12,-0.7349067168473288
343,c2ccc1[nH]ncc1c2 ,0.41713013126877474
344,CCSSCC,0.2918039469548891
345,C1CCc2ccccc2C1,-0.6481424353992541
346,CCSC(=O)N(CC(C)C)CC(C)C,-0.31554602318163427
347,O=C1NC(=O)NC(=O)C1(CC)CC,0.30144442267134186
348,Clc1cccc(c1Cl)c2c(Cl)c(Cl)cc(Cl)c2Cl ,-2.6871030494290107
349,COP(=S)(OC)SCC(=O)N(C(C)C)c1ccc(Cl)cc1,-0.6780279101202578
350,CCCOC(=O)CCC,0.6147598834560561
351,O=c2[nH]c1CCCc1c(=O)n2C3CCCCC3,-0.7561157634235246
352,NS(=O)(=O)c3cc2c(NC(Cc1ccccc1)NS2(=O)=O)cc3C(F)(F)F,-0.27216388245759676
353,Oc1cccc(c1)N(=O)=O,0.9714574849648081
354,CN(C)C(=O)Nc2ccc(Oc1ccc(Cl)cc1)cc2,-0.8987948040270254
355,CCCCCC=C,-0.3396472124727661
356,Cc1c(C)c(C)c(C)c(C)c1C,-1.0626828912067225
357,Cc1cccc2c(C)cccc12,-0.7970877852184488
358,CSc1nc(nc(n1)N(C)C)N(C)C,0.1684058577842938
359,Oc1ccc(Cl)cc1,1.1208848585698254
360,N(c1ccccc1)c2ccccc2,-0.23070983687684998
361,CCCCCC=O,0.8316705870762431
362,COc1ccc(cc1)C(O)(C2CC2)c3cncnc3 ,0.20696776065010483
363,CCSC(=O)N(CC)C1CCCCC1 ,-0.18057936315129566
364,O=N(=O)c1cccc2ccccc12,-0.24806269316646495
365,c1ccc2c(c1)c3ccccc3c4ccccc24,-1.783790474797388
366,CCN2c1cc(N(C)C)cc(C)c1NC(=O)c3cccnc23 ,-0.8896363520963957
367,N(Nc1ccccc1)c2ccccc2 ,0.050792054043570345
368,OC(c1ccc(Cl)cc1)(c2ccc(Cl)cc2)C(Cl)(Cl)Cl,-1.2728452618253925
369,CC12CCC3C(CCC4=CC(=O)CCC34C)C2CCC1C(=O)CO,-0.20468055244242767
370,CCC(C)C(=O)C,1.1353455721445047
371,CC12CCC(=O)C=C1CCC3C2CCC4(C)C3CCC4(O)C#C ,-1.2699531191104565
372,CSCS(=O)CC(CO)NC(=O)C=Cc1c(C)[nH]c(=O)[nH]c1=O,0.5034123889310269
373,ClCCC#N ,1.3185146107571069
374,Oc1cccc(O)c1,1.8487407751620082
375,OC3N=C(c1ccccc1Cl)c2cc(Cl)ccc2NC3=O,-0.27891221545911377
376,Cl\C=C/Cl,0.8316705870762431
377,CCOC(=O)C=Cc1ccccc1,0.012230151177759309
378,Clc1cccc(Cl)c1,-0.007050800255146208
379,CN(C)C(=O)Nc1cccc(c1)C(F)(F)F,-0.1950400767259749
380,CCCCN(C)C(=O)Nc1ccc(Cl)c(Cl)c1,-0.8409519497283089
381,CCc1ccccn1,1.704133639415217
382,Oc2cc(O)c1C(=O)CC(Oc1c2)c3ccc(O)c(O)c3,-0.286624596032276
383,CCCCCC(O)CC,0.5038944127168495
384,Cc1ccccc1N,0.39302894197764293
385,CCCBr,0.6244003591725089
386,CC(C)Cc1ccccc1,-0.5276364889435947
387,CC(=O)OCC(=O)C1(O)CCC2C3CCC4=CC(=O)CCC4(C)C3C(O)CC21C,-0.8939745661687991
388,Cc1cc(ccc1NS(=O)(=O)C(F)(F)F)S(=O)(=O)c2ccccc2,-0.3733888774803506
389,CC(C)Oc1cc(c(Cl)cc1Cl)n2nc(oc2=O)C(C)(C)C,-1.2873059754000717
390,CCCC1COC(Cn2cncn2)(O1)c3ccc(Cl)cc3Cl,-0.22540757523280114
391,O=C1NC(=O)c2ccccc12 ,0.200219427648588
392,c1c(NC(=O)OC(C)C(=O)NCC)cccc1,0.5761979805902452
393,Oc1cc(Cl)c(Cl)c(Cl)c1Cl,-0.060073416695636275
394,CCCC(C)O,1.3185146107571069
395,Cc1cccc2c1ccc3ccccc32,-1.3615376384167575
396,CCOC=O,1.5306050765190675
397,CCCN(CCC)c1c(cc(cc1N(=O)=O)C(F)(F)F)N(=O)=O,-1.279593594826909
398,O=C1NC(=O)NC(=O)C1(CC=C)CC=C,0.45713810549205375
399,Cn2c(=O)n(C)c1ncn(CC(O)CO)c1c2=O,1.3763574650558235
400,CCCC(C)C1(CC=C)C(=O)NC(=S)NC1=O ,-0.20950079030065394
401,Clc1ccc(Cl)c(Cl)c1Cl,-0.7445471925637818
402,CC1(C)C(C=C(Br)Br)C1C(=O)OC(C#N)c2cccc(Oc3ccccc3)c2,-2.591662339836129
403,CCC1(C(=O)NC(=O)NC1=O)C2=CCC3CCC2C3,0.15876538206784102
404,CC(C)CCOC(=O)C,0.5328158398662078
405,ClC(Cl)(Cl)C(NC=O)N1C=CN(C=C1)C(NC=O)C(Cl)(Cl)Cl ,-0.5613781539511795
406,Clc1cccc(Cl)c1c2ccccc2 ,-1.0530424154902696
407,ICI,0.3303658498207001
408,COC(=O)Nc2nc1ccc(cc1[nH]2)C(=O)c3ccccc3,-0.41195078034616167
409,CCN(CC(C)=C)c1c(cc(cc1N(=O)=O)C(F)(F)F)N(=O)=O,-1.4936121557321602
410,Cc1cccc(C)c1O,0.8364908249344695
411,CC(C)CCC(C)(C)C,-0.9759186097586475
412,BrC(Br)(Br)Br,-0.05525317883741
413,CCCN(=O)=O,1.0726824799875618
414,CCCOC(=O)C,1.111244382853373
415,Clc2c(Cl)c(Cl)c(c1ccccc1)c(Cl)c2Cl ,-2.359326875069617
416,Cc1cncc(C)c1,1.641470547258274
417,CC34CCC1C(CC=C2CC(O)CCC12C)C3CCC4=O,-0.5276364889435947
418,NC(=S)Nc1ccccc1,0.6051194077396035
419,CC(C)CC(C)(C)C,-0.8264912361536301
420,CN(C)C=Nc1ccc(Cl)cc1C,0.07971348119292862
421,O=C1NC(=O)NC(=O)C1(C(C)C)CC=C(C)C,0.2084138320075728
422,CC(=O)Nc1ccc(O)cc1,0.9618170092483552
423,ClC(=C(Cl)Cl)Cl,0.23396109265617254
424,CC(C)CC(=O)C,1.10160390713692
425,CCCCC(=O)OCC,0.37374799054473745
426,ClC1(C(=O)C2(Cl)C3(Cl)C14Cl)C5(Cl)C2(Cl)C3(Cl)C(Cl)(Cl)C45Cl,-1.076661580995579
427,CCCC1C(=O)N3N(C1=O)c2cc(C)ccc2N=C3N(C)C ,-0.24709864559481978
428,CCCCCC(C)C,-0.9903793233333268
429,CCCC(=O)C,1.3667169893393707
430,CC(=O)Nc1ccc(cc1)N(=O)=O,0.16069347721113159
431,CC12CCC(O)CC1CCC3C2CCC4(C)C3CCC4=O,-0.6635671965455785
432,CCCCCCCCCCCCCCCO,-1.6025495313280762
433,COC(=O)c1ccccc1OC2OC(COC3OCC(O)C(O)C3O)C(O)C(O)C2O,1.1006398595652749
434,COP(=S)(OC)Oc1cc(Cl)c(Br)cc1Cl,-1.4772233470141904
435,C2c1ccccc1N(CCF)C(=O)c3ccccc23 ,-0.8549306395171657
436,Clc1ccc2ccccc2c1,-0.5372769646600473
437,CCN2c1nc(Cl)ccc1N(C)C(=O)c3cccnc23 ,-0.5247443462286588
438,CC(C)N(=O)=O,1.1594467614356365
439,NC(=O)c1ccccc1O,0.5810182184484716
440,CC(=C)C=C,0.4797932234257178
441,Sc1ccccc1,0.4364110827016803
442,Cc1c[nH]c2ccccc12 ,0.2918039469548891
443,Cn1c(=O)n(C)c2nc[nH]c2c1=O,0.7882884463522057
444,Nc1ccc(cc1)c2ccc(N)cc2,0.15683728692455048
445,Cc1ccc2ccccc2c1,-0.35892816390567156
446,CC(C)Cl,0.778647970635753
447,Cc1cc(=O)n(c2ccccc2)n1C,1.8029485155088576
448,CCCCC1C(=O)N(N(C1=O)c2ccc(O)cc2)c3ccccc3 ,-0.3396472124727661
449,ClC(Cl)(Cl)C#N,0.41327394098219367
450,NC(N)=NC#N ,1.308874135040654
451,CCCCI,0.03151110261066483
452,Nc1ccc(Cl)cc1,0.6581420241800936
453,C1CCCC1,0.18575871407390876
454,Brc1ccccc1Br,-0.22878174173355945
455,CC(C)CCCO,0.9087943928078651
456,Nc3nc(N)c2nc(c1ccccc1)c(N)nc2n3,0.2995163275280513
457,Clc1ccc(cc1Cl)c2ccccc2 ,-1.6218304827609817
458,Oc1ccc(cc1)C2(OC(=O)c3ccccc23)c4ccc(O)cc4 ,0.060432529760023106
459,CCCCCCCCOC(=O)c1ccccc1C(=O)OCCCCCCCC ,-1.0072501558371192
460,CC(C)Br,0.6918836891876782
461,c1ccc(cc1)c2ccccc2,-0.636091840753688
462,ClC(=C(Cl)C(=C(Cl)Cl)Cl)Cl,-0.9132555176017046
463,CC(OC(=O)Nc1cccc(Cl)c1)C#C,0.1968452611478295
464,CCCCCCCC,-1.0675031290649488
465,N#Cc1ccccc1C#N,0.31108489838779463
466,CCC(O)CC,1.3426158000482387
467,Cc1c[nH]c(=O)[nH]c1=O ,0.7323736871967798
468,Cc1ccccc1C,0.1086349083422869
469,CCC(C(CC)c1ccc(O)cc1)c2ccc(O)cc2,-0.6770638625486122
470,BrCCBr,0.6485015484636408
471,CCCCCCCCCCCCCCCCCCCCCCCCCC,-2.558884722400189
472,Cn1ccc(=O)[nH]c1=O,1.0693083134868033
473,C=CCC=C,0.45087179627635954
474,C1c2ccccc2c3cc4ccccc4cc13,-2.417169729368333
475,Cc1ccc(O)cc1C,0.7931086842104321
476,CCCCCCCCC,-1.3759983519914367
477,NC(=O)c1cccnc1 ,1.7523360179974807
478,CCC(=O)C,1.7089538772734434
479,C1c2ccccc2c3ccc4ccccc4c13,-1.7616173806495465
480,CC(C)CC(C)O,1.0726824799875618
481,CCCCCOC(=O)C,0.547276553440887
482,O=C1CCCCC1,1.1690872371520893
483,CC1(C)C(C=C(Cl)Cl)C1C(=O)OCc2cccc(Oc3ccccc3)c2,-1.5741101279645409
484,CN(C)C(=O)N(C)C ,1.911403867318951
485,c1ccc2c(c1)sc3ccccc23,-0.6529626732574804
486,Cc1ccc2c(ccc3ccccc32)c1,-1.3567174005585312
487,C1CCC=CC1,0.20985990336504076
488,CCOC(=O)CC,1.140165810002731
489,Oc1cccc2ncccc12 ,0.23396109265617254
490,CCCCC(=O)OC3(C(C)CC4C2CCC1=CC(=O)C=CC1(C)C2(F)C(O)CC34C)C(=O)CO,-0.8120305225789508
491,CC(=O)OC3(CCC4C2CCC1=CC(=O)CCC1C2CCC34C)C#C,-0.8554126633029882
492,CC1=CC(=O)CC(C)(C)C1 ,0.9473562956736761
493,CC(C#C)N(C)C(=O)Nc1ccc(Cl)cc1,-0.4215912560626144
494,ClC(Br)Br,0.5424563155826606
495,Brc1cccc(Br)c1,-0.24806269316646495
496,Cc1ccccc1,0.39302894197764293
497,CCCC(=O)CCC,0.8316705870762431
498,CC(C)C(=O)C,1.4004586543469553
499,CCCCc1ccccc1,-0.49871506179423625
500,CCC(C)C(=O)OC2CC(C)C=C3C=CC(C)C(CCC1CC(O)CC(=O)O1)C23 ,-1.4362513252192664
501,c1ccc2c3c(ccc2c1)c4cccc5cccc3c45,-2.397888777935428
502,CC(C)C(C)C,-0.301085309606955
503,c1cncnc1,1.988527673050573
504,CCCCCCCBr,-0.6770638625486122
505,CC1CC2C3CCC(O)(C(=O)C)C3(C)CC(O)C2(F)C4(C)C=CC(=O)C=C14,-0.5175139894413194
506,CCOC(=O)c1ccccc1C(=O)OCC,0.32554561196247367
507,Clc1ccc(Cl)c(c1)c2c(Cl)c(Cl)cc(Cl)c2Cl ,-2.1183149821582985
508,OCC1OC(C(O)C1O)n2cnc3c(O)ncnc23,0.8654122520838277
509,Oc1ccc(Cl)c(Cl)c1,0.855771776367375
510,CC1=C(C(=O)Nc2ccccc2)S(=O)(=O)CCO1,0.3588052531842356
511,CCC(=O)OC3CCC4C2CCC1=CC(=O)CCC1(C)C2CCC34C ,-1.1301662212218917
512,CCC1(C(C)C)C(=O)NC(=O)NC1=O ,0.39302894197764293
513,CC5(C)OC4CC3C2CCC1=CC(=O)C=CC1(C)C2(F)C(O)CC3(C)C4(O5)C(=O)CO ,-0.6192210082498957
514,CN(C)C(=O)Nc1cccc(OC(=O)NC(C)(C)C)c1 ,0.04597181618534386
515,CC(C)CC(C)C,-0.5951198189587639
516,Cc1cc(C)cc(C)c1,-0.18057936315129566
517,CC#C,1.2606717564583905
518,OC1CCCCC1,1.2462110428837114
519,CC2(C)C1CCC(C)(C1)C2=O,0.5665575048737924
520,CCCCCCCCCCCCO,-0.8554126633029882
521,CC34CCC1C(CCC2CC(O)CCC12C)C3CCC4=O,-0.5469174403765003
522,Clc1cccc(Cl)c1c2c(Cl)cccc2Cl ,-2.103854268583619
523,CCSCc1ccccc1OC(=O)NC ,0.45087179627635954
524,CC(C)CO,1.5065038872279357
525,CC2Cc1ccccc1N2NC(=O)c3ccc(Cl)c(c3)S(N)(=O)=O ,-0.2702357873143064
526,CC1CCCCC1NC(=O)Nc2ccccc2,-0.5228162510853684
527,CC(=O)OC3(CCC4C2C=C(C)C1=CC(=O)CCC1(C)C2CCC34C)C(C)=O ,-1.1205257455054387
528,Oc1cc(Cl)cc(Cl)c1,0.8123896356433375
529,CCc1ccccc1C,-0.08899484384499455
530,CC1(C)C2CCC1(C)C(O)C2,0.3400063255371529
531,NC(=S)N,1.6125491201089157
532,O=C(Cn1ccnc1N(=O)=O)NCc2ccccc2,0.10381467048406041
533,ClCCCCl,0.677422975612999
534,CCCOC,1.2703122321748432
535,CCCCCC#C,0.007409913319533037
536,Clc1ccc(Cl)c(c1)c2cc(Cl)c(Cl)c(Cl)c2Cl,-2.2436411664721843
537,CC34CCC1C(CCc2cc(O)ccc12)C3CC(O)C4O ,-0.930126350105497
538,CCCCCCCCBr,-0.9807388476168738
539,CCC(=O)Nc1ccc(Cl)c(Cl)c1,0.012230151177759309
540,COc2c1occc1c(OC)c3c(=O)cc(C)oc23 ,0.0021076516754837526
541,CC(C)C(C)C(C)C,-0.8554126633029882
542,c2ccc1[nH]ccc1c2,0.7256253541952629
543,CCOC(=O)N(C)C(=O)CSP(=S)(OCC)OCC,0.24456561594427068
544,CC(C)C(C)O,1.371537227197597
545,O=C1NC(=O)NC(=O)C1(CC)c1ccccc1,0.3390422779655075
546,O=C2NC(=O)C1(CCCCCC1)C(=O)N2 ,-0.06874984484044386
547,O2c1ccc(N)cc1N(C)C(=O)c3cc(C)ccc23 ,-0.4350879220656483
548,COc1cc(CC=C)ccc1O,0.7063444027623573
549,COc1ccccc1OCC(O)COC(N)=O,0.9835080796103739
550,CCCCCCC(C)O,0.45087179627635954
551,NC(=O)c1ccccc1,0.9955586742559398
552,Nc1nc[nH]n1,1.7099179248450886
553,ClC(Cl)(Cl)N(=O)=O,0.4942539370003968
554,CC(=C)C1CC=C(C)C(=O)C1,0.4653325098510385
555,c1cc2ccc3ccc4ccc5cccc6c(c1)c2c3c4c56,-2.8885889919028735
556,c3ccc2c(O)c1ccccc1cc2c3 ,-0.8216709982954038
557,O=C1NC(=O)NC(=O)C1(C(C)CCC)CC=C,0.3226534692475379
558,CN(C=Nc1ccc(C)cc1C)C=Nc2ccc(C)cc2C,-1.1783685998041553
559,Cc1c(cc(cc1N(=O)=O)N(=O)=O)N(=O)=O,-0.09381508170322103
560,CCCOCC,1.140165810002731
561,CCN(Cc1c(F)cccc1Cl)c2c(cc(cc2N(=O)=O)C(F)(F)F)N(=O)=O,-1.8098197592318106
562,Nc1cccc(c1)N(=O)=O,0.4026694176940957
563,CCOP(=S)(OCC)SCSCC,-0.5228162510853684
564,Cc1cccc2c1Cc3ccccc32,-1.0578626533484958
565,OCC(O)C(O)C(O)C(O)CO,1.9837074351923467
566,Sc1nccc(=O)[nH]1 ,0.3626614434708167
567,CN1CC(O)N(C1=O)c2nnc(s2)C(C)(C)C,0.5535428626565813
568,Cc1ccc(Cl)cc1,-0.026331751688051724
569,ClC(Cl)C(Cl)Cl,0.6195801213142825
570,ClCC#N,1.413955320349989
571,O=C1NC(=O)NC(=O)C1(CC)CCC(C)C,0.17708228592910139
572,CC1CCCCC1,-0.39749006677148263
573,c1ccc2c(c1)cnc3ccccc23 ,0.11827538405873965
574,CCCCCCC(=O)OCC,0.13755633549164495
575,Cc1ccc(cc1)S(=O)(=O)N,0.6195801213142825
576,CSc1nnc(c(=O)n1N)C(C)(C)C,0.37230191918726946
577,CCN2c1nc(N(C)(CCO))ccc1NC(=O)c3cccnc23 ,-0.16129841171839013
578,CC1(C)C(C=C(Cl)Cl)C1C(=O)OC(C#N)c2ccc(F)c(Oc3ccccc3)c2,-2.07830700793502
579,ClC2=C(Cl)C3(Cl)C1C=CCC1C2(Cl)C3(Cl)Cl ,-1.2603126433940035
580,COP(=S)(OC)SCC(=O)N(C)C=O,0.49666405592950996
581,Fc1ccc(F)cc1,0.5087146505750759
582,FC(F)(Cl)C(F)(Cl)Cl,-0.007050800255146208
583,CC12CC(O)C3C(CCC4=CC(=O)CCC34C)C2CCC1(O)C(=O)CO,-0.031151989546277997
584,C1CCOC1,1.6944931636987643
585,CNC(=O)Oc1ccccc1OC(C)C,0.470152747709265
586,COC(=O)c1ccc(O)cc1,0.5776440519477132
587,CCOc1ccc(cc1)C(C)(C)COCc3cccc(Oc2ccccc2)c3,-2.6871030494290107
588,CCCCOC(=O)CCCCCCCCC(=O)OCCCC,-0.4196631609193239
589,COP(=O)(OC)C(O)C(Cl)(Cl)Cl,1.3522562757646914
590,Clc1cc(Cl)c(Cl)c(Cl)c1Cl,-1.2651328812522302
591,Cc1c2ccccc2c(C)c3ccccc13,-1.7085947642090566
592,Clc1ccc(c(Cl)c1)c2ccc(Cl)c(Cl)c2Cl ,-2.301484020770901
593,Nc1ccccc1N(=O)=O,0.5135348884333023
594,Clc1ccc(Cl)c(c1)c2c(Cl)c(Cl)c(Cl)c(Cl)c2Cl,-2.850991136608707
595,CC34CC(=O)C1C(CCC2=CC(=O)CCC12C)C3CCC4(=O) ,-0.21914126601710668
596,CCOP(=S)(OCC)Oc1ccc(cc1)S(C)=O ,0.34964680125360564
597,CCCCCCCCl,-0.4697936346448782
598,CNc1ccccc1,0.8413110627926959
599,CCOCC,1.4149193679216345
600,c1ccoc1,1.063042004271109
601,C1CCCCCC1,-0.23360197959178572
602,CC(C)N(C(=O)CCl)c1ccccc1 ,0.26288251980553085
603,CCCCCc1ccccc1,-0.778288857571366
604,c2(Cl)c(Cl)c(Cl)c1nccnc1c2(Cl) ,-1.1590876483712498
605,CCC(C)(O)CC,1.2847729457495225
606,FC(F)(F)c1cccc(c1)N2CC(CCl)C(Cl)C2=O,-0.49244875257854204
607,CNC(=O)Oc1cccc2ccccc12,-0.09574317684651158
608,Cc1cc(C)c2ccccc2c1,-0.6095805325334431
609,CCN(CC)C(=S)SSC(=S)N(CC)CC,-0.8843340904523466
610,Clc1ccc(CN(C2CCCC2)C(=O)Nc3ccccc3)cc1,-1.392869184495229
611,CC(=O)OCC(=O)C3(O)CCC4C2CCC1=CC(=O)C=CC1(C)C2C(O)CC34C ,-0.6481424353992541
612,C1(=O)NC(=O)NC(=O)C1(O)C2(O)C(=O)NC(=O)NC2(=O),0.4990741748586232
613,ClC=C(Cl)Cl,0.5135348884333023
614,COc1ccc(C=O)cc1,0.7400860677699419
615,CC34CCC1C(CCC2CC(=O)CCC12C)C3CCC4O ,-0.8279373075110981
616,CCO,1.988527673050573
617,COc1ccccc1O ,0.5135348884333023
618,Nc1ccccc1,1.2606717564583905
619,CCOC(=O)N,1.8680217265949137
620,c1cc(C)cc2c1c3cc4cccc5CCc(c45)c3cc2,-2.359326875069617
621,CCCI,0.3544670391118319
622,Brc1cc(Br)c(Br)cc1Br,-1.9062245163963383
623,Nc1ccc(O)cc1,1.0726824799875618
624,Oc1c(Cl)c(Cl)cc(Cl)c1Cl,-0.16611864957661662
625,Clc1cccc(c1)N(=O)=O,0.12309562191696592
626,CCCC(C)(C)CO,0.7256253541952629
627,CC(=O)SC4CC1=CC(=O)CCC1(C)C5CCC2(C)C(CCC23CCC(=O)O3)C45,-0.5531837495921945
628,CC(=O)c1ccccc1,0.8413110627926959
629,CCCCCCc1ccccc1,-1.0530424154902696
630,O=Cc1ccccc1,0.8846932035167332
631,CCc1ccc(C)cc1,-0.040792465262730754
632,Brc1ccc2ccccc2c1,-0.6626031489739334
633,CCCCN(CC)c1c(cc(cc1N(=O)=O)C(F)(F)F)N(=O)=O,-1.2072900269535136
634,CCC(C)(C)C,-0.2528829310246912
635,CC1CC(C)C(=O)C(C1)C(O)CC2CC(=O)NC(=O)C2 ,0.9136146306660915
636,Oc1ccc(Cl)c(Cl)c1Cl,0.17129800049922972
637,Cc1ncc(N(=O)=O)n1CCO ,0.8509515385091486
638,c1(C(C)(C)C)cc(C(C)(C)C)cc(OC(=O)NC)c1,-0.5854793432423113
639,CCCCOc1ccc(C(=O)OCC)c(c1)N(CC)CC ,-0.39266982891325614
640,CCCC1CCCC1,-0.8264912361536301
641,Clc1cc(Cl)cc(Cl)c1,-0.7011650518397444
642,CCCOC(C)C,0.8123896356433375
643,CCOP(=S)(OCC)SC(CCl)N2C(=O)c1ccccc1C2=O,-1.59772929346985
644,CC(C)N(C(C)C)C(=O)SCC(Cl)=C(Cl)Cl,-0.8939745661687991
645,CCOc1ccc(NC(N)=O)cc1,0.41230989341054847
646,Brc1ccccc1,0.22914085479794627
647,CC(=O)N(S(=O)c1ccc(N)cc1)c2onc(C)c2C ,-0.27216388245759676
648,CCCCOC,0.9810979606812607
649,CCCCCCl,0.14237657334987144
650,c1ccc2cnccc2c1,0.7593670192028474
651,C1c2ccccc2c3ccccc13,-0.9518174204675157
652,CNC(=O)Oc1cccc2CC(C)(C)Oc12,0.1086349083422869
653,OC1C(O)C(O)C(O)C(O)C1O,1.627009833683595
654,Clc1ccccc1,0.31108489838779463
655,CNC(=O)Oc1cc(C)cc(C)c1,0.21419811743744424
656,CSSC,0.7641872570610738
657,Clc1cc(Cl)c(cc1Cl)c2cc(Cl)c(Cl)cc2Cl ,-2.6678220979961056
658,CCOc1ccc(NC(=O)C)cc1,0.32554561196247367
659,CCc1ccc(CC)cc1,-0.34928768818921885
660,COC(=O)C,1.680032450124085
661,OCC3OC(OCC2OC(OC(C#N)c1ccccc1)C(O)C(O)C2O)C(O)C(O)C3O ,1.0871431935622409
662,CCc1ccc2ccccc2c1,-0.6095805325334431
663,CCCC#C,0.6677824998965464
664,CCCCCCCCO,0.30626466052956813
665,c1c(OC)c(OC)C2C(=O)OCC2c1,0.5429383393684832
666,Nc3cc2c1ccccc1ccc2c4ccccc34 ,-1.5302459634546808
667,CCOC(=O)c1ccc(O)cc1,0.32554561196247367
668,Cn1cnc2n(C)c(=O)[nH]c(=O)c12 ,0.24215549701515734
669,CCCCC(C)(O)CC,0.6870634513294518
670,COC(=O)Nc1cccc(OC(=O)Nc2cccc(C)c2)c1,-0.8578227822321013
671,Clc1cccc(Br)c1,-0.08899484384499455
672,c1ccccc1SC,0.30626466052956813
673,CCCOP(=S)(OCCC)SCC(=O)N1CCCCC1C,-0.542097202518274
674,CCN(CC)c1c(cc(c(N)c1N(=O)=O)C(F)(F)F)N(=O)=O,-1.1783685998041553
675,C=CCS(=O)SCC=C,1.0582217664128826
676,CC(C)OC(C)C,0.9280753442407705
677,C=CC=O,1.7330550665645752
678,CN(C)C(=O)NC1CC2CC1C3CCCC23,-0.07019591619791184
679,Cc2cnc1cncnc1n2,1.0466531955531393
680,CCC(C)CC,-0.31554602318163427
681,O=C1NC(=O)C(N1)(c2ccccc2)c3ccccc3,-0.5165499418696743
682,ClC1(C2(Cl)C3(Cl)C4(Cl)C5(Cl)C1(Cl)C3(Cl)Cl)C5(Cl)C(Cl)(Cl)C24Cl,-1.8194602349482631
683,CN(C)C(=O)Nc1ccc(Cl)cc1,0.06525276761824937
684,COC(=O)c1cccnc1 ,1.2365705671672587
685,CC(C)OC(=O)C(O)(c1ccc(Br)cc1)c2ccc(Br)cc2 ,-0.9180757554599309
686,COc1ccc(cc1)N(=O)=O,0.29662418481311537
687,O=C1NC(=O)NC(=O)C1(CC)CC=C(C)C,0.37230191918726946
688,CC1(C)CON(Cc2ccccc2Cl)C1=O,0.3313298973923453
689,CCCCCCCCCCCCCCO,-1.3567174005585312
690,Clc2ccc1oc(=O)[nH]c1c2,0.09369217098178485
691,CC(C)NC(=O)N1CC(=O)N(C1=O)c2cc(Cl)cc(Cl)c2,-0.6510345781141901
692,COc2cnc1cncnc1n2,1.0196598635470717
693,CC(C)COC=O,0.9714574849648081
694,COC=O,1.7378753044228017
695,Clc2ccc(Oc1ccc(cc1)N(=O)=O)c(Cl)c2,-1.173548361945929
696,CC1CO1,1.1739074750103158
697,Cc1ccc(cc1)c2ccccc2,-0.7686483818549135
698,CCCCCCCCCC(=O)OCC,-0.5179960132271417
699,CCc1ccccc1,0.12309562191696592
700,Oc1c(Cl)c(Cl)c(Cl)c(Cl)c1Cl,-0.6047602946752169
701,CC4CC3C2CCC1=CC(=O)C=CC1(C)C2(F)C(O)CC3(C)C4(O)C(=O)COC(C)=O ,-0.9036150418852521
702,CCCCO,1.4583015086456719
703,Clc1ccc(Cl)cc1,-0.11791627099435283
704,CC1=CCCCC1,-0.11791627099435283
705,c2c(C)cc1nc(C)ccc1c2 ,0.5231753641497551
706,Nc1nccs1 ,1.2847729457495225
707,Nc1ccc(cc1)S(N)(=O)=O,0.8123896356433375
708,CCC1(CCC(=O)NC1=O)c2ccccc2 ,0.3318119211781679
709,CNN,2.104213381648006
710,Nc1cc[nH]c(=O)n1 ,0.9015640360205255
711,C,1.0244801014052982
712,CCCCCC1CCCC1,-1.4724031091559642
713,O=C1NC(=O)NC(=O)C1(C)CC=C,0.8991539170914123
714,ClC(Cl)C(c1ccc(Cl)cc1)c2ccc(Cl)cc2,-2.0122697492773183
715,CC=CC=O,1.6125491201089157
716,CC1CC2C3CC(F)C4=CC(=O)C=CC4(C)C3(F)C(O)CC2(C)C1(O)C(=O)CO,-1.2472980011767927
717,Cc1ncc(N(=O)=O)n1CCO,0.870232489942054
718,CNC(=O)Oc1ccccc1C(C)C,0.07826740983546066
719,O=C1N(COC(=O)CCCCC)C(=O)C(N1)(c2ccccc2)c3ccccc3,-1.3788904947063727
720,ClC(Cl)Cl,0.894333679233186
721,Clc1cc(c(Cl)c(Cl)c1Cl)c2cc(Cl)c(Cl)c(Cl)c2Cl,-2.9570363694896877
722,OCC1OC(O)(CO)C(O)C1O,1.76679673157216
723,ClC(Cl)C(Cl)(Cl)Cl,0.20503966550681427
724,O=C1N(COC(=O)CCC)C(=O)C(N1)(c2ccccc2)c3ccccc3,-0.9860411092609233
725,CC(=O)OCC(COC(=O)C)OC(=O)C,1.1690872371520893
726,CN(C)C(=O)C,1.9933479109087997
727,Nc1nc(=O)[nH]cc1F,0.9897743888260682
728,Cc2ncc1nccnc1n2,1.4004586543469553
729,CCCCCCCCCCCCCCCC,-2.5906982922644834
730,CCN(CC)C(=O)C(C)Oc1cccc2ccccc12 ,-0.262523406741144
731,CCC(C)(C)CC,-0.580659105384085
732,Clc1ccc(c(Cl)c1)c2c(Cl)ccc(Cl)c2Cl ,-2.1231352200165245
733,CC45CCC2C(CCC3CC1SC1CC23C)C4CCC5O,-1.1494471726547972
734,CC34CCC1C(CCC2=CC(=O)CCC12O)C3CCC4(O)C#C,-0.7445471925637818
735,CCS,1.1690872371520893
736,BrC(Cl)Cl,0.7159848784788101
737,Clc1ccc(c(Cl)c1)c2cc(Cl)c(Cl)c(Cl)c2Cl ,-2.103854268583619
738,c1ccc2ccccc2c1,-0.27698412031582326
739,COc2ccc(Oc1ccc(NC(=O)N(C)C)cc1)cc2,-0.5469174403765003
740,CN(C(=O)COc1nc2ccccc2s1)c3ccccc3,-0.8906003996680408
741,FC(F)(F)C(Cl)Br ,0.6340408348889617
742,CCCC(C)(C)C,-0.6433221975410278
743,CN(C)C(=O)OC1=CC(=O)CC(C)(C)C1 ,1.0485812906964298
744,CCN2c1cc(Cl)ccc1NC(=O)c3cccnc23 ,-1.1253459833636654
745,CCC1(CC)C(=O)NC(=O)N(C)C1=O ,0.3833884662611902
746,CCC1CCCCC1,-0.5902995811005376
747,COCC(=O)N(C(C)C(=O)OC)c1c(C)cccc1C ,0.6865814275436292
748,c1ccc2c(c1)[nH]c3ccccc32,-1.0819638426396276
749,COP(=S)(OC)Oc1ccc(Sc2ccc(OP(=S)(OC)OC)cc2)cc1,-1.5480808435301183
750,OCC2OC(OC1(CO)OC(CO)C(O)C1O)C(O)C(O)C2O ,1.8391002994455554
751,CC(C)CBr,0.2869837090966626
752,CCCCC(CC)CO,0.44123132055990677
753,CCCCOCCCC,0.5665575048737924
754,CCCCC1(CC)C(=O)NC(=O)NC1=O,0.657660000394271
755,CNC(=O)Oc1cccc(N=CN(C)C)c1,0.3303658498207001
756,Cc1cccnc1C,1.641470547258274
757,Cc3nnc4CN=C(c1ccccc1Cl)c2cc(Cl)ccc2n34,-0.5131757753689155
758,Nc1ccccc1O,1.111244382853373
759,COCOC,1.6896729258405379
760,Cc1cccc(C)c1C,-0.08417460598676828
761,c1cccc2c3c(C)cc4ccccc4c3ccc12,-1.7182352399255092
762,O=C2CN(N=Cc1ccc(o1)N(=O)=O)C(=O)N2 ,-0.1709388874348429
763,O=N(=O)c1cccc(c1)N(=O)=O,0.3544670391118319
764,O=C(c1ccccc1)c2ccccc2,-0.04561270312095724
765,NC(=N)NS(=O)(=O)c1ccc(N)cc1 ,0.4990741748586232
766,NS(=O)(=O)c1cc(ccc1Cl)C2(O)NC(=O)c3ccccc23,-0.20516257622825024
767,CC(C)C(C)(C)C,-0.6433221975410278
768,Clc1cc(Cl)c(c(Cl)c1)c2c(Cl)cc(Cl)cc2Cl ,-2.7401256658695012
769,CCCCC(C)(C)O,0.9377158199572233
770,COc1cc(cc(OC)c1O)C6C2C(COC2=O)C(OC4OC3COC(C)OC3C(O)C4O)c7cc5OCOc5cc67,-0.2630054305269668
771,OCC(O)C(O)C(O)C(O)CO ,1.4872229357950302
772,Oc1ccccc1Cl,0.9473562956736761
773,CCCCC=C,-0.0986353195614473
774,ClC1=C(Cl)C2(Cl)C3C4CC(C=C4)C3C1(Cl)C2(Cl)Cl,-1.5818225085377031
775,CCN2c1cc(OC)cc(C)c1NC(=O)c3cccnc23 ,-1.025567059698379
776,CCCC(=O)OC,0.5328158398662078
777,ClC(Cl)C(c1ccc(Cl)cc1)c2ccccc2Cl ,-1.6796733370596983
778,NS(=O)(=O)c2cc1c(N=CNS1(=O)=O)cc2Cl ,-0.01187103811337248
779,Clc1ccc(cc1)N(=O)=O,0.050792054043570345
780,CNC(=O)Oc1ccccc1C2OCCO2,0.7015241649041309
781,CCCCc1c(C)nc(NCC)nc1OS(=O)(=O)N(C)C ,-0.5469174403765003
782,CCOP(=O)(OCC)OCC,1.665571736549406
783,CC(C)N(C(C)C)C(=O)SCC(=CCl)Cl,-0.6076524373901527
784,CCC=O,1.7378753044228017
785,CCCCCCCC(=O)OCC,-0.1757591252930694
786,C1CCC2CCCCC2C1,-1.043401939773817
787,CC34CCC1C(CCc2cc(O)ccc12)C3CCC4(O)C#C ,-0.6144007703916694
788,Cc1cccc2ccccc12,-0.32518649889808704
789,CC(C)c1ccccc1C,-0.3541079260474451
790,Oc1cccc(Cl)c1,1.1208848585698254
791,COP(=O)(OC)OC(=CCl)c1cc(Cl)c(Cl)cc1Cl,-0.7214100508442951
792,CCc1cccc2ccccc12,-0.5517376782347265
793,c1ccncc1,1.8246395858708762
794,O=N(=O)c1ccccc1N(=O)=O,-0.03597222740450448
795,COC(=O)c1ccccc1C(=O)OC,0.6581420241800936
796,CC(C)COC(=O)C,0.8750527278002804
797,Cc1cccc(N)c1,1.0485812906964298
798,O=c2[nH]c(=O)c1[nH]c(=O)[nH]c1[nH]2 ,-0.43605196963729365
799,Clc1cc(Cl)c(c(Cl)c1)c2c(Cl)cccc2Cl,-2.070112603576035
800,Cc1cc(C)c(O)c(C)c1,0.470152747709265
801,ClCBr,1.0293003392635245
802,c1c(Br)ccc2ccccc12 ,-0.6626031489739334
803,CCNc1nc(NC(C)(C)C)nc(SC)n1,-0.4697936346448782
804,CCC(C)O,1.6848526879823114
805,CCCCCCCCCCCCCCCCCCCC,-2.480796869096922
806,CCCOC(=O)CC,1.063042004271109
807,CC(=C)C,0.3351860876789264
808,Brc1ccc(I)cc1,-0.739726954705555
809,CC34CC(O)C1(F)C(CCC2=CC(=O)C=CC12C)C3CC(O)C4(O)C(=O)CO,-0.31554602318163427
810,CN(C)C(=O)SCCCCOc1ccccc1,-0.4346058982798257
811,Oc1cccc2cccnc12 ,0.2918039469548891
812,c1c(O)C2C(=O)C3cc(O)ccC3OC2cc1(OC),0.03970550696964962
813,CC1OC(CC(O)C1O)OC2C(O)CC(OC2C)OC8C(O)CC(OC7CCC3(C)C(CCC4C3CCC5(C)C(CCC45O)C6=CC(=O)OC6)C7)OC8C ,-1.0930503897135482
814,CCN2c1ccccc1N(C)C(=S)c3cccnc23 ,-0.8101024274356605
815,CC(C)Nc1nc(Cl)nc(NC(C)C)n1,-0.6770638625486122
816,CC(C)=CCC/C(C)=C\CO,0.27252299552198356
817,O=N(=O)OCC(CON(=O)=O)ON(=O)=O ,0.3882087041194165
818,OC(C1=CC2C5C(C1C2=C(c3ccccc3)c4ccccn4)C(=O)NC5=O)(c6ccccc6)c7ccccn7 ,-0.4365339934231162
819,CCOC(=O)CC(SP(=S)(OC)OC)C(=O)OCC,-0.16611864957661662
820,CCC(C)CCO,1.1160646207115992
821,CN(C)C(=O)NC1CCCCCCC1,0.38917275169106186
822,CC1=C(SCCO1)C(=O)Nc2ccccc2,-0.05525317883741
823,CCCC=O,1.4534812707874456
824,Sc2nc1ccccc1s2 ,-0.07453413027031552
825,CCCC=C,0.16647776264100322
826,CC/C=C\C,0.23396109265617254
827,CC(C)C(=O)C(C)C,0.8316705870762431
828,ClCCBr,0.8220301113597903
829,C(Cc1ccccc1)c2ccccc2,-0.7686483818549135
830,Cc1cccc(C)c1,0.09899443262583414
831,Clc1ccc(cc1)c2cc(Cl)ccc2Cl ,-1.5543471527458126
832,O=C1N(COC(=O)CC)C(=O)C(N1)(c2ccccc2)c3ccccc3,-0.9069892083860104
833,Oc1ccc(cc1)N(=O)=O,1.10160390713692
834,O=C1N(C2CCC(=O)NC2=O)C(=O)c3ccccc13,0.1684058577842938
835,CCCC(O)C=C,1.1739074750103158
836,CCCCCCBr,-0.3782091153385771
837,C(c1ccccc1)c2ccccc2,-0.5083555375106892
838,C=CC#N,1.5306050765190675
839,CCCCCCCO,0.585838456306698
840,Fc1ccccc1Br,0.15683728692455048
841,CC12CC2(C)C(=O)N(C1=O)c3cc(Cl)cc(Cl)c3,-0.8554126633029882
842,Cc1ncnc2nccnc12,1.2336784244523227
843,CC(=O)Nc1ccc(F)cc1,0.6002991698813771
844,CCOC(=O)CC(=O)OCC,1.063042004271109
845,Cc1occc1C(=O)Nc2ccccc2,-0.13237698456903185
846,OC(CC(c1ccccc1)c3c(O)c2ccccc2oc3=O)c4ccc(cc4)c5ccc(Br)cc5 ,-0.684294219335952
847,CCCCCCCCCC(C)O,0.041151578327117584
848,CCCCCCCC(=O)OC,-0.06971389241208903
849,Nc1cccc(Cl)c1,0.7979289220686584
850,Brc1ccc(Br)cc1,-0.5035352996524629
851,Oc1ccc(Cl)cc1Cc2cc(Cl)ccc2O,-0.4471385167112142
852,CC(=O)CC(c1ccc(Cl)cc1)c2c(O)c3ccccc3oc2=O,-1.3562353767727087
853,CC(C)O,1.665571736549406
854,Cc1ccc(C)cc1,0.12309562191696592
855,CCCOC(=O)c1ccc(N)cc1,0.2763791858085647
856,Nc1cc(nc(N)n1=O)N2CCCCC2 ,0.4995561986444458
857,CC(C)OP(=S)(OC(C)C)SCCNS(=O)(=O)c1ccccc1,-0.5661983918094058
858,CCC(C)n1c(=O)[nH]c(C)c(Br)c1=O ,0.24215549701515734
859,O=C1N(COC(=O)C)C(=O)C(N1)(c2ccccc2)c3ccccc3,-0.6963448139815177
860,c1cc(O)c(O)c2OCC3(O)CC4=CC(=O)C(O)=CC4=C3c21,0.15683728692455048
861,CI,0.9762777228230344
862,CCSCC,0.8123896356433375
863,O=c2c(C3CCCc4ccccc43)c(O)c1ccccc1o2 ,0.08935395690938137
864,NNc1ccccc1,1.4920431736532564
865,CCCCc1c(C)nc(NCC)[nH]c1=O,-0.0012665148252745527
866,Cc1c(cccc1N(=O)=O)N(=O)=O,0.012230151177759309
867,c1ccccc1NC(=O)c2c(O)cccc2,-0.27216388245759676
868,CCN2c1nc(C)cc(C(F)(F)F)c1NC(=O)c3cccnc23 ,-0.5695725583101641
869,CC1CC2C3CCC4=CC(=O)C=CC4(C)C3(F)C(O)CC2(C)C1(O)C(=O)CO,-0.27216388245759676
870,Clc1ccccc1I,-0.24806269316646495
871,Oc1ccncc1,1.949965770184762
872,CC=C(C(=CC)c1ccc(O)cc1)c2ccc(O)cc2,-0.9277162311763839
873,Cc1ccc(N)cc1,0.8750527278002804
874,c1(Br)c(Br)cc(Br)cc1,-0.710805527556197
875,Cc1ccc(O)c(C)c1,0.8846932035167332
876,Fc1c[nH]c(=O)[nH]c1=O ,0.9391618913146913
877,CC#N,1.5836276929595574
878,CCOP(=S)(OCC)SCSc1ccc(Cl)cc1,-1.3065869268329773
879,CCCCCCC,-0.7252662411308762
880,CCC(O)C(C)C,1.1208848585698254
881,CC=C,0.9377158199572233
882,CCC,0.5231753641497551
883,CCC#CCC,0.4990741748586232
884,CC(C)(C)Cc1ccccc1,-0.542097202518274
885,Nc1cccc2ccccc12,0.5328158398662078
886,CCCCc1c(C)nc(nc1O)N(C)C ,0.3785682284029637
887,CCCCCCO,0.8605920142256013
888,CC(=O)C(C)(C)C,1.111244382853373
889,Oc1cccc2ccccc12,0.3882087041194165
890,CN2C(=C(O)c1ccccc1S2(=O)=O)C(=O)Nc3ccccn3 ,-0.5469174403765003
891,Oc1cc(Cl)cc(Cl)c1Cl,0.17129800049922972
892,Cc1ccc(Br)cc1,-0.0793543681285418
893,CC1CCCO1,1.511324125086162
894,CCCCCCCCCCCCCC,-2.3786078265025226
895,COC(=O)C=C,1.3522562757646914
896,Clc1ccc(Cl)c(Cl)c1,-0.27216388245759676
897,CN(C)c1nc(nc(n1)N(C)C)N(C)C,-0.1632265068616807
898,COc1cccc(Cl)c1,0.11827538405873965
899,CC(C)C,0.22914085479794627
900,COc1nc(NC(C)C)nc(NC(C)C)n1,0.263846567377176
901,CCOC2Oc1ccc(OS(C)(=O)=O)cc1C2(C)C,-0.1902198388677484
902,c3ccc2nc1ccccc1cc2c3,-0.3107257853234078
903,COc2c1occc1cc3ccc(=O)oc23 ,-0.30783364260847207
904,CC(C)OC=O,1.1546265235774102
905,CCCSCCC,0.21468014122326703
906,Clc1ccccc1Cl,-0.01187103811337248
907,CC(=O)OCC(=O)C3CCC4C2CCC1=CC(=O)CCC1(C)C2CCC34C ,-0.7734686197131397
908,CC1(C)C(C=C(Cl)C(F)(F)F)C1C(=O)OC(C#N)c2cccc(Oc3ccccc3)c2,-2.4827249642402127
909,CCCCC(=O)C,1.0726824799875618
910,CCC#C,0.8605920142256013
911,Clc1ccc(cc1)c2cccc(Cl)c2Cl ,-1.5736281041787181
912,Oc1ccc(Br)cc1,0.9328955820989969
913,CCN(=O)=O,1.3522562757646914
914,O=C2NC(=O)C1(CC1)C(=O)N2 ,0.5492046485841775
915,CC1(C)C(C(=O)OC(C#N)c2cccc(Oc3ccccc3)c2)C1(C)C,-1.4458918009357193
916,ClC(Cl)C(Cl)(Cl)SN2C(=O)C1CC=CCC1C2=O ,-1.144626934796571
917,c1cc2cccc3c4cccc5cccc(c(c1)c23)c54,-2.785435901736829
918,OCC(O)CO,1.998168148767026
919,Cc3ccnc4N(C1CC1)c2ncccc2C(=O)Nc34 ,-0.0793543681285418
920,CN(C)C(=S)SSC(=S)N(C)C ,-0.4215912560626144
921,CCCCC(C)O,1.0293003392635245
922,ClCC(Cl)(Cl)Cl,0.40748965555232197
923,ClC1CC2C(C1Cl)C3(Cl)C(=C(Cl)C2(Cl)C3(Cl)Cl)Cl,-1.8483816620976217
924,O=C3CN=C(c1ccccc1)c2cc(ccc2N3)N(=O)=O,-0.37146078233706004
925,c1ccc(cc1)c2ccc(cc2)c3ccccc3,-1.968887608553281
926,ClCc1ccccc1,0.30626466052956813
927,CCCCCCC(=O)C,0.470152747709265
928,CCCCCC(=O)C,0.7593670192028474
929,CC(C)(C)c1ccc(O)cc1,0.29662418481311537
930,CCCCCCCC(=O)C,0.21468014122326703
931,CC(Cl)Cl,0.8364908249344695
932,CC(O)c1ccccc1,1.0148396256888454
933,c1ccnnc1,1.988527673050573
934,CCOc2ccc1nc(sc1c2)S(N)(=O)=O ,-0.3782091153385771
935,Clc1ccc(Br)cc1,-0.2914448338905023
936,Oc1c(Cl)cc(Cl)c(Cl)c1Cl,-0.03597222740450448
937,c1(C(=O)OCCCCCC(C)(C))c(C(=O)OCCCCCC(C)(C))cccc1,-1.7408903578591735
938,CCOP(=S)(NC(C)C)Oc1ccccc1C(=O)OC(C)C,-0.5633062490944698
939,CC34CCC1C(=CCc2cc(O)ccc12)C3CCC4=O,-1.0877481280694996
940,CC1CCCC1,-0.13237698456903185
941,Cc1cc(C)c(C)cc1C,-0.7541876682802343
942,CN(C)C(=O)Nc1ccc(Cl)c(Cl)c1,-0.3733888774803506
943,c1nccc(C(=O)NN)c1,1.4626397227180756
944,Cc1cccc(C)c1NC(=O)c2cc(c(Cl)cc2O)S(N)(=O)=O,-0.3685686396221243
945,CC34CCC1C(CCC2=CC(=O)CCC12C)C3CCC4=O,-0.32036626103986054
946,C1CCCCCCC1,-0.542097202518274
947,Clc1ccccc1C2=NCC(=O)Nc3ccc(cc23)N(=O)=O,-0.22829971794773687
948,O=C1CCCN1,1.9740669594758942
949,O=C(Nc1ccccc1)Nc2ccccc2,-0.060073416695636275
950,CCCO,1.7571562558557072
951,CSC,1.241390805025485
952,Oc2ccc1ncccc1c2 ,0.41713013126877474
953,CCCCCCCC(C)O,0.13755633549164495
954,CCNc1nc(NC(C)C)nc(OC)n1,0.45376393899129525
955,Clc1ccccc1c2ccccc2Cl ,-1.0819638426396276
956,COc1ccccc1N(=O)=O,0.5135348884333023
957,Oc1ccc2ccccc2c1,0.3592872769700584
958,O=C1NC(=O)NC(=O)C1(C(C)C)CC=C,0.6350048824606069
959,Nc1ccccc1Cl,0.7256253541952629
960,CC12CC(O)C3C(CCC4=CC(=O)CCC34C)C2CCC1C(=O)CO,-0.1034555574196738
961,CCCCC,-0.07453413027031552
962,CC(C)c1ccc(NC(=O)N(C)C)cc1,-0.24613459802317442
963,CCC(C)C1(CC(Br)=C)C(=O)NC(=O)NC1=O ,0.18238454757315045
964,Cc1ccnc(C)c1,1.641470547258274
965,Clc1ccc(cc1)C(c2ccc(Cl)cc2)C(Cl)(Cl)Cl,-1.9881685599861865
966,C/C1CCC(\C)CC1,-0.6963448139815177
967,ClC1=C(Cl)C(Cl)(C(=C1Cl)Cl)C2(Cl)C(=C(Cl)C(=C2Cl)Cl)Cl,-2.049867604571484
968,Cn2c(=O)on(c1ccc(Cl)c(Cl)c1)c2=O,0.09899443262583414
969,C1C=CCC=C1,0.4653325098510385
970,OCC1OC(O)C(O)C(O)C1O,1.8149991101544236
971,c1cc2ccc3ccc4ccc5ccc6ccc1c7c2c3c4c5c67,-3.039944460651182
972,c1ccc2c(c1)ccc3ccccc32,-1.0771436047814014
973,Cc1c2ccccc2c(C)c3ccc4ccccc4c13,-1.9255054678292434
974,COc1ncnc2nccnc12 ,0.9232551063825442
975,Cn2cc(c1ccccc1)c(=O)c(c2)c3cccc(c3)C(F)(F)F,-0.684294219335952
976,OCC1OC(OC2C(O)C(O)C(O)OC2CO)C(O)C(O)C1O,1.3406877049049484
977,c2ccc1nc(ccc1c2)c4ccc3ccccc3n4 ,-1.144626934796571
978,Cc1ccccc1N(=O)=O,0.3351860876789264
979,CN(C)C(=O)Nc1ccc(C)c(Cl)c1,-0.22058733737457464
980,Clc1cc(Cl)c(Cl)c(Cl)c1,-0.7734686197131397
981,CCN2c1ncccc1N(CC)C(=O)c3cccnc23 ,0.07971348119292862
982,C1=Cc2cccc3cccc1c23,-0.4505126832119727
983,CN(C)c1ccccc1,0.5328158398662078
984,ClC1C=CC2C1C3(Cl)C(=C(Cl)C2(Cl)C3(Cl)Cl)Cl,-1.5866427463959294
985,Cc1cc2ccccc2cc1C,-0.8168507604371771
986,c2ccc1ocnc1c2,0.8991539170914123
987,c1ccc2c(c1)c3cccc4cccc2c34,-1.4338412062901533
988,CS(=O)(=O)c1ccc(cc1)C(O)C(CO)NC(=O)C(Cl)Cl ,0.42002227398371067
989,CCOC(C)OCC,1.2510312807419377
990,COCCCNc1nc(NC(C)C)nc(SC)n1,0.04693586375698924
991,CCCCN(CC)C(=O)SCCC,-0.2432424553082385
992,Cc2cccc3sc1nncn1c23 ,0.46051227199281225
993,Clc1ccc(c(Cl)c1Cl)c2c(Cl)cc(Cl)c(Cl)c2Cl ,-2.2340006907557317
994,Oc1ccc(cc1)c2ccccc2,-0.21914126601710668
995,CCOP(=S)(OCC)N2C(=O)c1ccccc1C2=O,-0.15647817386016385
996,CCNc1nc(Cl)nc(NCC)n1 ,-0.7349067168473288
997,CCI,0.6870634513294518
998,FC(F)(Cl)C(F)(F)Cl,0.13755633549164495
999,CC(C)c1ccc(C)cc1O,0.3882087041194165
1000,C#C,1.5980884065342367
1001,CCCCCCOC(=O)c1ccccc1C(=O)OCCCCCC,-1.503252631448613
1002,CCOC(=O)c1ccccc1,0.3400063255371529
1003,COC(=O)c1cc(O)c(O)c(O)c1 ,0.8605920142256013
1004,Cc1ccncc1C,1.6318300715418212
1005,CON(C)C(=O)Nc1ccc(Br)c(Cl)c1,-0.4331598269223577
1006,c1ccccc1C(O)C(O)c2ccccc2,0.5279956020079815
1007,CCCC(=O)OCC,0.8027491599268848
1008,CCCCCCCC#C,-0.5854793432423113
1009,Clc1ccc(cc1)c2ccc(Cl)cc2 ,-1.70377452635083
1010,CC12CCC3C(CCC4=CC(=O)CCC34C)C2CCC1O,-0.47943411036133077
1011,CCC(C)C,-0.07453413027031552
1012,N#Cc1ccccc1,0.9762777228230344
1013,CCCC(O)CCC,0.7834682084939794
1014,ON=Cc1ccc(o1)N(=O)=O ,0.4026694176940957
1015,CCCCOC=O,0.7979289220686584
1016,c1ccccc1C(O)c2ccccc2,0.22914085479794627
1017,Nc1ccc(cc1)N(=O)=O,0.3159051362460209
1018,O=c1[nH]cnc2nc[nH]c12 ,0.3515748963968962
1019,CCOP(=S)(OCC)Oc1nc(Cl)c(Cl)cc1Cl ,-1.2747733569686828
1020,CCCCSP(=O)(SCCCC)SCCCC,-1.0193007504826848
1021,CCNc1ccccc1,0.6388610727471881
1022,Cc1ccc(C)c(C)c1,-0.13719722242725835
1023,Oc1ccc(c(O)c1)c3oc2cc(O)cc(O)c2c(=O)c3O ,-0.027777823045519692
1024,CCC(CC)C=O,0.7256253541952629
1025,C1Cc2ccccc2C1,-0.007050800255146208
1026,CCCCCOC(=O)CC,0.8413110627926959
1027,CCCCCO,1.1690872371520893
1028,CC23Cc1cnoc1C=C2CCC4C3CCC5(C)C4CCC5(O)C#C,-1.1962034798795933
1029,ClCC,0.9473562956736761
1030,ClC4=C(Cl)C5(Cl)C3C1CC(C2OC12)C3C4(Cl)C5(Cl)Cl,-1.5736281041787181
1031,Clc1cccc(c1)c2cc(Cl)ccc2Cl ,-1.4386614441483796
1032,Cc1cc2c3ccccc3ccc2c4ccccc14,-1.7085947642090566
1033,CCCC=C(CC)C=O,0.27252299552198356
1034,CC=C(C)C,0.22432061693971977
1035,Cc1cc(cc(N(=O)=O)c1O)N(=O)=O,0.7564748764879117
1036,OC3N=C(c1ccccc1)c2cc(Cl)ccc2NC3=O ,-0.44665649292539156
1037,CCc1cccc(C)c1N(C(C)COC)C(=O)CCl ,0.14237657334987144
1038,Nc2cccc3nc1ccccc1cc23 ,-0.5758388675258583
1039,CCOC(=O)Nc2cccc(OC(=O)Nc1ccccc1)c2 ,-0.774432667284785
1040,CC(=O)Nc1nnc(s1)S(N)(=O)=O ,0.3207253741042474
1041,CC(C)C1CCC(C)CC1=O,0.32554561196247367
1042,CCC(C)(C)O,1.5306050765190675
1043,c1ccc2cc3cc4ccccc4cc3cc2c1,-2.6871030494290107
1044,CCC1(C(=O)NC(=O)NC1=O)c2ccccc2 ,0.3390422779655075
1045,CCCC(C)(O)CC,0.985918198539487
1046,c1ccc2c(c1)c3cccc4c3c2cc5ccccc54,-2.5087542486746353
1047,Clc1cc(Cl)c(Cl)c(c1Cl)c2c(Cl)c(Cl)cc(Cl)c2Cl ,-2.9522161316314617
1048,CCCC(C)(C)O,1.2221098535925794
1049,Clc1ccc(I)cc1,-0.48425434821955743
1050,CCCCCCCCC(=O)OC,-0.1709388874348429
1051,CCCCCCCl,-0.04561270312095724
1052,COc1ccc(Cl)cc1,0.11827538405873965
1053,CC(=O)Nc1ccc(Br)cc1,-0.027777823045519692
1054,CN(C)C(=O)Nc1ccc(c(Cl)c1)n2nc(oc2=O)C(C)(C)C,-0.6278974363947034
1055,CCC(C)CO,1.2317503293090324
1056,CN2C(=O)CN=C(c1ccccc1)c3cc(ccc23)N(=O)=O,-0.37146078233706004
1057,ClCC(C)C,0.4942539370003968
1058,CCC(C)Cl,0.5135348884333023
1059,CC(C)(C)C(=O)C(Oc1ccc(Cl)cc1)n2cncn2,-0.28180435817404953
1060,CCCCC(CC)COC(=O)c1ccccc1C(=O)OCC(CC)CCCC,-1.8965840406798853
1061,CCC(C)C(C)C,-0.6047602946752169
1062,CCNc1nc(NC(C)C)nc(SC)n1,-0.007050800255146208
1063,CCC(C)(C)Cl,0.2484218062308518
1064,CC/C=C/C,0.23396109265617254
1065,O=C1NC(=O)NC(=O)C1(C)CC,0.866376299655473
1066,c2ccc1[nH]nnc1c2,1.0823229557040144
1067,Cn1cnc2n(C)c(=O)n(C)c(=O)c12,1.0360486722650415
1068,OC(Cn1cncn1)(c2ccc(F)cc2)c3ccccc3F,-0.16611864957661662
1069,Fc1cccc(F)c1C(=O)NC(=O)Nc2cc(Cl)c(F)c(Cl)c2F ,-2.0508316521431293
1070,COc1ccccc1Cl,0.27252299552198356
1071,C1Cc2c3c1cccc3cc4c2ccc5ccccc54,-2.3255852100620324
1072,c1ccc2c(c1)ccc3c2ccc4c5ccccc5ccc43,-2.3352256857784854
1073,COP(=S)(OC)Oc1ccc(cc1Cl)N(=O)=O,-0.6192210082498957
1074,Clc1ccc(c(Cl)c1)c2c(Cl)c(Cl)c(Cl)c(Cl)c2Cl,-2.359326875069617
1075,Brc1cccc2ccccc12,-0.6385019596828011
1076,C1N(C(=O)NCC(C)C)C(=O)NC1,0.42195036912700123
1077,Cc1cccc(O)c1,1.1305253342862782
1078,CN(=O)=O,1.5836276929595574
1079,CCC1(C(=O)NC(=O)NC1=O)C2=CCCCC2 ,0.41230989341054847
1080,O2c1ccccc1N(C)C(=O)c3cccnc23 ,-0.31168983289505314
1081,CC34CCc1c(ccc2cc(O)ccc12)C3CCC4=O,-1.0675031290649488
1082,OCC2OC(Oc1ccccc1CO)C(O)C(O)C2O,1.0485812906964298
1083,CC13CCC(=O)C=C1CCC4C2CCC(C(=O)CO)C2(CC(O)C34)C=O ,-0.39749006677148263
1084,CC1OC(CC(O)C1O)OC2C(O)CC(OC2C)OC8C(O)CC(OC7CCC3(C)C(CCC4C3CC(O)C5(C)C(CCC45O)C6=CC(=O)OC6)C7)OC8C ,-0.508837561296512
1085,CC(C)OC(=O)Nc1cccc(Cl)c1,-0.1709388874348429
1086,CCCCCC(=O)OC,0.5569170291573396
1087,CC(C)C(O)C(C)C,0.870232489942054
1088,Cc1ccc2cc3ccccc3cc2c1,-1.8965840406798853
1089,ClC=C,0.6147598834560561
1090,O=N(=O)c1ccccc1,0.5906586941649243
1091,COP(=S)(OC)Oc1cc(Cl)c(I)cc1Cl,-1.7326959535001885
1092,CCCC(C)C1(CC)C(=O)NC(=S)NC1=O ,-0.16129841171839013
1093,CCCCS,0.40748965555232197
1094,BrC(Br)Br,0.5376360777244342
1095,CO,2.215078852387213
1096,CC(Cl)(Cl)Cl,0.4942539370003968
1097,Oc1ccc(O)cc1,1.3763574650558235
1098,CC12CC(O)C3C(CCC4=CC(=O)C=CC34C)C2CCC1(O)C(=O)CO,-0.07453413027031552
1099,COc1ccc(NC(=O)N(C)C)cc1Cl,0.22239252179642924
1100,CCSCCSP(=S)(OC)OC,-0.031634013332100794
1101,Cc3cc2nc1c(=O)[nH]c(=O)nc1n(CC(O)C(O)C(O)CO)c2cc3C,-0.3179561421107474
1102,CCCCOC(=O)c1ccccc1C(=O)OCCCC ,-0.6626031489739334
1103,Clc1ccc(cc1Cl)c2cc(Cl)c(Cl)c(Cl)c2Cl ,-2.3111244964873534
1104,CC12CCC(CC1)C(C)(C)O2 ,0.6677824998965464
1105,CCCCCC(=O)OCC,0.32554561196247367
1106,CC(C)c1ccccc1,-0.11791627099435283
1107,CC1=C(CCCO1)C(=O)Nc2ccccc2 ,0.22432061693971977
1108,c1(OC)ccc(CC=C)cc1,0.050792054043570345
1109,CCCCCCCI,-0.8602329011612144
1110,CC12CC(=O)C3C(CCC4=CC(=O)CCC34C)C2CCC1(O)C(=O)CO,-0.040792465262730754
1111,CC(C)=CCCC(C)=CC(=O),0.4653325098510385
1112,CC(=O)OC3CCC4C2CCC1=CC(=O)CCC1(C)C2CCC34C ,-1.040509797058881
1113,CNC(=O)ON=C(CSC)C(C)(C)C ,0.677422975612999
1114,CC(O)C(C)(C)C,1.1594467614356365
1115,CC(=O)C1CCC2C3CCC4=CC(=O)CCC4(C)C3CCC12C,-0.6722436246903859
1116,O=C1CNC(=O)N1 ,1.265491994316617
1117,Oc1ccc(Cl)cc1C(=O)Nc2ccc(cc2Cl)N(=O)=O,-0.8072102847207245
1118,COc2cnc1ncncc1n2,0.9092764165936877
1119,C=CCCC=C,0.16647776264100322
1120,O=C1NC(=O)NC(=O)C1(CC=C)c1ccccc1,0.3163871600318435
1121,c1ccccc1n2ncc(N)c(Br)c2(=O),-0.04898686962171555
1122,CCBr,0.9328955820989969
1123,c1ccccc1O,1.4583015086456719
1124,c1(C#N)c(Cl)c(C#N)c(Cl)c(Cl)c(Cl)1,-1.2603126433940035
1125,Oc1ccccc1N(=O)=O,0.6195801213142825
1126,O(c1ccccc1)c2ccccc2,-0.4505126832119727
1127,Cc1cccc(c1)N(=O)=O,0.2821634712384363
